nama; harga; harga_diskon; terjual 
SIVE KRIM WAJAH BPOM HALAL CREAM GLOWING DOKTER AMAN FARMA ORI;Rp183.678
Rp132.249;132.249;1RB+ Terjual/ Bulan
PAKET GLOWING GLOW KRIM PAGI MALAM WHITENING CREAM WAJAH FACE CARE SKINCARE ROUTINE BPOM HALAL AMPUH AMAN TERBAIK TERLARIS DI SHOPEE BEST SELLER ORIGINAL PERAWATAN WAJAH MUKA HALUS MULUS BENING KINCLONG AMPUH REAL TESTI HASIL NYATA KOREAN SKINCARE ORI;Rp127.678
Rp91.929;91.929;586 Terjual/ Bulan
PACKAGE - Beaudelab Body Whitening Set | Body Lotion AHA + Body Scrub + Brightening Serum AHA;Rp469.300
Rp199.000;199.000;296 Terjual/ Bulan
SKINUTRIS PAKET SKINCARE THC DAY CREAM & NIGHT CREAM KRIM PEMUTIH WAJAH GLOWING 100% BPOM;Rp49.999 - Rp85.000;49.999;17 Terjual/ Bulan
[Ready Stock] SKINTIFIC - 5X Ceramide Skin Barrier Repair Moisturize Gel 30g Moisturizer Cream Pemutih Wajah Day Cream Night Cream Pelembab Wajah【BPOM】;Rp169.000
Rp139.000;85.000;1RB+ Terjual/ Bulan
[READY STOCK] Madame Gie Skin Barrier Moisturizer - Ceramide Repair Skincare Pelembab Gel Ceramide;Rp129.000
Rp50.000;139.000;1RB+ Terjual/ Bulan
Promo Bening's Brightening Skincare | Paketan Pencerah dan Glowing;Rp500.000
Rp375.000;50.000;1RB+ Terjual/ Bulan
❤ BELIA ❤ HANASUI Collagen Water | Acne Treatment | Flawless Glow 10 Series | Acne Spot | Night Day Cream | Essence | Skincare Skin Care sunscreen sunblock sun screen block;Rp16.300 - Rp30.500;375.000;1RB+ Terjual/ Bulan
Promo Bening's Exclusive Skincare | Paketan Flek, Pencerah dan Glowing;Rp500.000
Rp375.000;16.300;1RB+ Terjual/ Bulan
Promo Bening's Acne Skincare | Paketan Jerawat dan Beruntusan;Rp500.000
Rp375.000;30.500;1RB+ Terjual/ Bulan
(OFFICIAL) DAVIENA SKINCARE GOLD | GOLD SERIES DAVIENA SKINCARE;Rp65.000 - Rp300.000;375.000;1RB+ Terjual/ Bulan
MORNING GLOWING KRIM PEMUTIH WAJAH FARMA WHITENING SKINCARE BPOM KOREA HALAL COWOK PRIA BUMIL BUSUI AMAN MENCERAHKAN ANTI UV SUNSCREEN SUNBLOCK ORIGINAL BEST SELLER DI SHOPEE TERLARIS SKINCARE TERBAIK BEST FACE MASKS BENING CANTIK ANTI DEBU PERAWATAN MUKA;Rp47.367
Rp34.105;375.000;1RB+ Terjual/ Bulan
Madame Gie Madame Clarify Facial Foam - Skin Care Pembersih Wajah;Rp35.000
Rp25.300;65.000;1RB+ Terjual/ Bulan
[ BISA COD ] MAXIE GLOW SKINCARE KEMASAN TERBARU;Rp31.000 - Rp78.000;300.000;1RB+ Terjual/ Bulan
[BISA COD] REGLOW Glow Skin Treatment Skincare Original Glowing Whitening BPOM Beauty Series Perawatan Kecantikan Wajah Paket Re Glow Skincare Pemutih Wajah Penghilang Flek Hitam Facial Wash Toner Cream Reg Glow Rglow Doker dr Shindy Putri Official Store;Rp38.000 - Rp265.000;34.105;1RB+ Terjual/ Bulan
NGLOW SKINCARE ORIGINAL ORIGINAL BPOM!!(POUCH TERBARU)PROMO;Rp74.500 - Rp134.500;25.300;1RB+ Terjual/ Bulan
CREAM PEMUTIH WAJAH [PAKET PENGELUPASAN & PAKET NON PENGELUPASAN]CREAM PEMUTIH WAJAH/PEMUTIH WAJAH/SKINCARE/KOSMETIK/PEMUTIH/CREAM PEMUTIH/PEMUTIH WAJAH/SKINCARE/PRAWATAN WAJAH/KOSMETIK WAJAH/CREAM JERAWAT/CREAM FLEK/CREAM WAJAH/PEMUTIH WAJAH/PEMUTIH;Rp125.000;31.000;1RB+ Terjual/ Bulan
BENING'S SKINCARE PAKET EXLUSIVE/PAKET BRIGHTENING/PAKET ACNE ORIGINAL BY DR. OKY PRATAMA;Rp75.000 - Rp395.000;78.000;1RB+ Terjual/ Bulan
Ella Skincare DAY GEL with Niacinamide - Tabir Surya yg Aman utk Kulit Berjerawat. Hasil Matte, tdk Whitecast;Rp44.000
Rp43.120;38.000;1RB+ Terjual/ Bulan
OMG Oh My Glow Paket Lengkap Skincare Peach Glowing | Face care Skincare Oh My Glow Original BPOM;Rp6.499 - Rp33.154;265.000;1RB+ Terjual/ Bulan
BENINGS SKINCARE DR OKY PRATAMA PAKET EXLUSIVE BRIGHTENING ACNE | BENINGS CLINIC | BENING'S SKINCARE;Rp75.000 - Rp395.000;74.500;1RB+ Terjual/ Bulan
[COD] Maxie Skincare KEMASAN BARU SABUN BOTOL;Rp85.000
Rp84.999;134.500;1RB+ Terjual/ Bulan
Ella Skincare Facial Gel Cleanser Tea Tree with Melaleuca Alternifolia Leaf Oil - sebagai Oil Control Antiseptik, Anti Bakteri & Anti Inflamasi;Rp32.000
Rp31.360;125.000;1RB+ Terjual/ Bulan
❤ BELIA ❤ Garnier Sakura White Sakura Glow Pinkish Glow Foam | Hyaluron Whip Foam Sabun Cuci Muka Skin Care 50 100mL;Rp16.500 - Rp27.500;75.000;1RB+ Terjual/ Bulan
Maxie skincare kemasan baru;Rp78.500 - Rp80.500;395.000;1RB+ Terjual/ Bulan
COSRX Favorites (Best Sellers Set) Skin Care - Untuk Semua Jenis Kulit;Rp255.000
Rp191.250;43.120;1RB+ Terjual/ Bulan
NAHDA SKINCARE 100% ORIGINAL +SERUM GLOWING;Rp169.999 - Rp220.999;6.499;1RB+ Terjual/ Bulan
Nahda Skincare Asli ( Grosir );Rp170.000 - Rp222.500;33.154;1RB+ Terjual/ Bulan
(BOSS) VIVA Skincare Series - Viva Face Tonic | Viva Milk cleanser | Viva Air mawar - 100ml;Rp4.300 - Rp6.146;75.000;1RB+ Terjual/ Bulan
HYDE BEAUTY SKINCARE ORIGINAL;Rp50.000 - Rp215.000;395.000;1RB+ Terjual/ Bulan
(OFFICIAL) GLOWING SERIES | DAVIENA SKINCARE | DAVIENA;Rp65.000 - Rp300.000;84.999;1RB+ Terjual/ Bulan
Bundling Skincare Camille Beauty;Rp450.000;31.360;1RB+ Terjual/ Bulan
Nahda Skincare Asli ( Grosir );Rp38.000 - Rp225.999;16.500;1RB+ Terjual/ Bulan
Lis skincare Facial Wash;Rp30.000;27.500;1RB+ Terjual/ Bulan
[BACA DESKRIPSI] Liz Skincare Night Whitening / Liz Skincare Pemutih Malam [Kemasan Baru];Rp45.000;78.500;1RB+ Terjual/ Bulan
(OFFICIAL) DAVIENA SKINCARE ACNE SERIES | DAVIENASKINCAREPUSAT;Rp65.000 - Rp300.000;80.500;1RB+ Terjual/ Bulan
PAKET GOLD SERIES | DAVIENA SKINCARE;Rp300.000;191.250;1RB+ Terjual/ Bulan
[READY STOK] DAVIENA SKINCARE |glow gold acne DAVIENA SKINCARE |DAVINA|Collaglow Daviena|Gold daviena|Clay Mask Daviena|acne daviena|daviena official|daviena jakarta|davienaskincare|davienaskincarejakarta|davienaskincareofficial|davienaskincare.officiali;Rp65.000 - Rp300.000;169.999;1RB+ Terjual/ Bulan
Acnes Perawatan Skincare UV Tint Sunscreen Toner Creamy Face Wash & Facial Wash Moisturizer Cream;Rp7.450 - Rp29.000;220.999;1RB+ Terjual/ Bulan
Madame Gie Madame Clarify Facial Foam - Skin Care Pembersih Wajah/ORIGINAL;Rp21.900
Rp13.500;170.000;1RB+ Terjual/ Bulan
Night Cream Glow PRM LUXURY BPOM /krim malam/cream wajah/ perawatan wajah/ glowing/luxury skincare;Rp43.000;222.500;944 Terjual/ Bulan
L'Oreal Paris Hyaluronic Acid Cleanser - 100ml - Skincare Pembersih Wajah Loreal;Rp75.100
Rp60.400;4.300;934 Terjual/ Bulan
Ella Skincare Shine Bright Facial Gel Cleanser with Glycolic Acid - Menjaga Kulit Agar Tetap Segar, Halus & Lembut;Rp32.000
Rp31.360;6.146;858 Terjual/ Bulan
L'Oreal Paris Revitalift Cleansing Foaming Glycerin Skin Care Facial Wash - 100 ml;Rp76.000
Rp61.100;50.000;849 Terjual/ Bulan
Daviena Skincare Paket Gold Series Davienaskincareofficial Davina Devina Lampung Surabaya Jakarta Pencerah Pemutih Flek Wajah Glowing Bpom Daviena Skincare;Rp65.000 - Rp300.000;215.000;833 Terjual/ Bulan
NGLOW SKINCARE;Rp200.000
Rp128.900;65.000;832 Terjual/ Bulan
Paket wajah scarlett whitening brightly / paket acne/ scarlett face skincare facial complete;Rp220.000
Rp208.000;300.000;822 Terjual/ Bulan
N glow skincare original paket kecantikan N'Glow skincare;Rp200.000
Rp134.500;450.000;812 Terjual/ Bulan
L'Oreal Paris Revitalift Anti-Wrinkle Set Day + Night 50 ml - Skincare Krim Siang & Malam Loreal;Rp460.000
Rp300.400;38.000;768 Terjual/ Bulan
JUSTMINE Beauty Glowing Skincare Bpom Paket Glowing Acne Jelly Acne More Removespot | Skin Care;Rp255.000 - Rp275.000;225.999;756 Terjual/ Bulan
DAVIENA SKINCARE GOLD SERIES DAVIENASKINCARE GOLD SERIES DAVIENASKINCAREOFFICIAL OFFICIAL STORE;Rp300.000;30.000;754 Terjual/ Bulan
REGLOW Paket Perawatan Kecantikan Wajah Glowing | Glow Skin Treatment | Atasi Muka Jerawat Flek Hitam Milia Kusam | Skincare Skin Care BPOM Halal MUI | Sunscreen Whitening Anti-Aging | Aman Bumil Busui;Rp265.000;45.000;753 Terjual/ Bulan
NAHDA SKINCARE + SERUM (HARGA GROSIR);Rp35.000 - Rp225.000;65.000;751 Terjual/ Bulan
❄️MATCHA❄️ HANASUI SKINCARE FLAWLESS SERIES - CREAM CLEANSER ESSENCE ORIGINAL;Rp16.999 - Rp82.999;300.000;745 Terjual/ Bulan
RATU GLOW SKINCARE PAKET BRIGHTENING & ACNE ORIGINAL PENCERAH WAJAH;Rp235.000
Rp178.000;300.000;742 Terjual/ Bulan
YOU Facial Wash Hy! Amino Anti Acne Sabun Cuci Muka Acnes Creamy Wash;Rp32.300 - Rp91.200;65.000;1RB+ Terjual/ Bulan
[Ready Stock] SKINTIFIC - Mugwort Mask Anti Pores & Acne Clay Mask 55g Pore Clarifying Mud Mask Wash Off Pack Masker Wajah Facial Mask【BPOM】;Rp139.000
Rp99.000;300.000;1RB+ Terjual/ Bulan
PAKET RADIANT DRW SKINCARE;Rp65.000 - Rp275.000;7.450;1RB+ Terjual/ Bulan
Safi Dermasafe 24H Hydration;Rp310.800
Rp248.700;248.700;23 Terjual/ Bulan
Realfood Hair, Nails and Skin Package;Rp1.300.000
Rp1.200.000;1.200.000;4 Terjual/ Bulan
SKINTIFIC 2pcs set with serum (Cream +Serum) paket skincare Moisture Gel + Glowing Serum /Anti Acne Serum / Skin barrier Repair Serum / Hydration Serum;Rp538.000
Rp258.000;258.000;1RB+ Terjual/ Bulan
SKINTIFIC 3 pcs Paket Skincare with toner - 4D Hyaluronic Acid (HA) Barrier Essence Toner & 5X Ceramide Barrier Repair Moisturize Gel & 10% Niacinamide Brightening Serum 20Ml & 5% Aha Bha Pha Exfoliating Toner & 5X Ceramide Soothing Toner 80ml;Rp507.000
Rp299.000;299.000;1RB+ Terjual/ Bulan
Arizubeauty skincare- Darkspot serum- memudarkan bekas hitam dan warna kulit tidak rata.;Rp198.000
Rp178.200;178.200;2 Terjual/ Bulan
BENINGS SKINCARE BY DR.OKY PRATAMA PAKET BRIGHTENING (BENINGS CLINIC) PAKET PENCERAH DAN GLOWING;Rp350.000;350.000;738 Terjual/ Bulan
DAVIENA SKINCARE GOLD SERIES |DISTRIBUTOR DAVIENA|OFFICIAL STORE|DAVIENASKINCARE|davienaskincareofficial|davienaofficialstore|ramadhanidavin|davienaskincaresemarang|davienaskincarejogja|davienaskincaresurabaya|davienaskincarejakarta|davienaofficialdepok;Rp65.000 - Rp300.000;65.000;737 Terjual/ Bulan
BEBWHITE C SKINCARE Paket Glow / Paket Acne Original BBC Bbwhite Bebwhite Glow Forte Memudarkan Flek dan Bekas Jerawat Bb White Day Cream Bebwhite c Totol Acne Jerawat BBC Night Cream Glow Acne Bebwhite c Facial Wash Toner BBC BB white Serum Vit C COD;Rp19.600 - Rp130.000;300.000;725 Terjual/ Bulan
☘️ CHAROZA ☘️ HANASUI Paket Skincare Flawless Glow Cleanser / Essence/ Day Cream / Night Cream | Acne Treatment Night Cream;Rp16.340 - Rp27.520;19.600;704 Terjual/ Bulan
COSRX Low pH Good Morning Gel Cleanser - 150 ml - pembersih wajah - Skincare;Rp149.000
Rp119.200;130.000;668 Terjual/ Bulan
BENING'S SKINCARE DR. OKY PRATAMA NIGHT CREAM BRIGHTENING/EXLUSIVE/ACNE;Rp150.000 - Rp165.000;16.340;668 Terjual/ Bulan
L'Oreal Paris Aura Perfect Milky Foam Purifying and Brigthening Skin Care Facial Wash - 50 ml;Rp36.000
Rp30.800;27.520;650 Terjual/ Bulan
BRILIANT SKINCARE PAKET REJUVENATING KEMASAN TERBARU;Rp35.999 - Rp129.999;119.200;645 Terjual/ Bulan
[WAJIB KONSULTASI] ORIGINAL BPOM SB SKINCARE || ORI BPOM SB PAKET KHUSUS RESELLER;Rp75.000
Rp50.000;150.000;642 Terjual/ Bulan
MAXIE SKINCARE BPOM KEMASAN TERBARU ORIGINAL;Rp84.500;165.000;637 Terjual/ Bulan
AMR GLOW SKINCARE BPOM ORIGINAL 100%;Rp120.000
Rp85.000;30.800;611 Terjual/ Bulan
PAKET SKINCARE/PELICIN PEMUTIH WAJAH NRGLOW PUTIH CEPAT GLOWING;Rp50.000 - Rp190.000;35.999;593 Terjual/ Bulan
PAKET GLOWING GLOW KRIM PAGI MALAM WHITENING CREAM WAJAH FACE CARE SKINCARE ROUTINE BPOM HALAL AMPUH AMAN TERBAIK TERLARIS DI SHOPEE BEST SELLER ORIGINAL PERAWATAN WAJAH MUKA HALUS MULUS BENING KINCLONG AMPUH REAL TESTI HASIL NYATA KOREAN SKINCARE ORI;Rp127.678
Rp91.929;129.999;586 Terjual/ Bulan
Madame Gie Madame Clarify Facial Foam - Skin Care Pembersih Wajah;Rp21.900
Rp13.650;50.000;584 Terjual/ Bulan
DAVIENA SKINCARE ACNE SERIES DAVIENASKINCARE ACNE SERIES DAVIENASKINCAREOFFICIAL OFFICIAL STORE;Rp300.000;84.500;552 Terjual/ Bulan
HANASUI FLAWLESS GLOW 10 SET + POUCH / HANASUI SKINCARE FLAWLESS GLOW / HANASUI SKINCARE;Rp104.000
Rp76.999;85.000;540 Terjual/ Bulan
(Pusat Jawa)Daviena Skincare|GOLD SERIES|PEMUTIH WAJAH BPOM DAVIENA SKINCARE|DAVINA SKINCARE;Rp65.000 - Rp300.000;50.000;529 Terjual/ Bulan
Promo Bening's Brightening Skincare Special | Paketan Pencerah dan Glowing Khusus Ibu Hamil dan Menyusui;Rp500.000
Rp375.000;190.000;520 Terjual/ Bulan
Garnier Men Acne Fighting Kit Skin Care (Perawatan Pria Untuk Kulit Cerah Bebas Jerawat);Rp142.600
Rp93.200;91.929;484 Terjual/ Bulan
PAKET NORMAL SWF Skincare ORIGINAL 100%;Rp85.000
Rp79.000;13.650;480 Terjual/ Bulan
N'glow Skincare Nglow Skincare 100% Origional;Rp35.000 - Rp133.200;300.000;475 Terjual/ Bulan
Wardah Lightening Paket Lengkap | Paket Skincare Wardah Lightening | Wardah Lightening Series | ORIGINAL | BPOM;Rp59.000 - Rp194.500;76.999;465 Terjual/ Bulan
(GRANSI ORIGINAL 1000%) Dinda skincare / Cream DN;Rp8.999 - Rp45.999;65.000;465 Terjual/ Bulan
[WAJIB KONSULTASI] BPOM SB PREMIUM SKINCARE|| PREMIUM SKINCARE S BEAUTY|| SINATA CARE;Rp199.000
Rp125.000;300.000;451 Terjual/ Bulan
REAL WHITE Alpha Arbutin Serum | BPOM HALAL Skincare Whitening Brightening Pemutih Pencerah Memutihkan Mencerahkan Kulit Wajah PIE PIH Skin Barrier Menghilangkan Flek Noda Hitam Bekas Jerawat Pelicin Bening Apotek Farmasi Klinik Dokter Perawatan Glowing;Rp44.000
Rp41.800;375.000;444 Terjual/ Bulan
Anzora Skincare (Paket Glow normal kering kusam) (paket renewal normal kering flek) (paket acne sensitif berminyak jerawatan) (paket remover darksport sensitif bekas berminyak jerawat) free gift;Rp220.000 - Rp300.000;93.200;437 Terjual/ Bulan
•Beauty• Paket Skincare Yeppu-Yeppu By Kiyowo Travel Size BPOM Halal Paket Skincare Acne Treatment Dan Hello Brightening Perawatan BPOM YeppuYeppu By Kiyowo Yeppu Yeppu By Kiyowo Skincare Travelsize Package;Rp139.999
Rp99.999;79.000;429 Terjual/ Bulan
PAKET GLOWING SERIES | DAVIENA SKINCARE;Rp300.000;35.000;429 Terjual/ Bulan
SOMETHINC [3 PCS] Paket Best Seller Skincare - Glowing (Niacinamide & Skin Goals) - Berjerawat (2% BHA Salicylic Acid & Acnedot Series) - Lembap Terhidrasi (Hyaluronic Serum);Rp215.050 - Rp308.550;133.200;428 Terjual/ Bulan
Ella Skincare Paket Kulit Glowing - Pancarkan Kulit Cerah & Glowingmu Dalam 14 Hari;Rp287.500
Rp278.875;59.000;416 Terjual/ Bulan
REAL WHITE Niacinamide + Collagen Brightening Face Serum | BPOM HALAL Skincare Whitening Pemutih Pencerah Memutihkan Mencerahkan Kulit Wajah PIE PIH Skin Barrier Menghilangkan Flek Noda Bekas Jerawat Apotek Farmasi Klinik Dokter Perawatan Glowing;Rp44.000
Rp41.800;194.500;414 Terjual/ Bulan
Paket cream VIRAL RETINOL WSC Organic cream wajah flek jerawat skincare glowing series viral;Rp150.000 - Rp300.000;8.999;407 Terjual/ Bulan
Paket Skincare Perawatan Pencerah pemutih Pelicin Wajah Reglow untuk mengatasi kulit berjerawat, flek hitam, kering, skin barier, mencerahkan dan glowing | Niacinamide | Centella asiatica | Allantoin | aman bumil busui ampuh pria cowok BPOM;Rp265.000;45.999;391 Terjual/ Bulan
COSRX Centella Water Alcohol-Free Toner Skin Care - 150 ML (Toner Untuk Kulit Sensitif & Iritasi);Rp210.000
Rp168.000;125.000;390 Terjual/ Bulan
(PUSAT JAWA) Daviena Skincare | GLOWING SERIES |PEMUTIH WAJAH BPOM|DAVINA SKINCARE;Rp65.000 - Rp300.000;41.800;388 Terjual/ Bulan
L'Oreal Paris Aura Perfect Whip Foam 100 ml - 2 Pcs -Skincare Facial Cleanser Wash Loreal;Rp124.000
Rp99.600;220.000;381 Terjual/ Bulan
DAVIENA SKINCARE ACNE | DAVIENASKINCAREOFFICIAL | DAVIENA | DAVIENA SKINCARE SURABAYA;Rp65.000 - Rp300.000;300.000;380 Terjual/ Bulan
DAVIENA SKINCARE PAKET GLOWING SERIES | OFFICIAL STORE;Rp300.000;99.999;370 Terjual/ Bulan
PAKET LASONA SKIN CARE ( JAMINAN ORIGINAL MALAYSIA );Rp170.000;300.000;365 Terjual/ Bulan
BENINGS SKINCARE BY DR.OKY PRATAMA PAKET ACNE / OILY (BENINGS CLINIC) PAKETAN JERAWAT BERMINYAK DAN BERUNTUSAN;Rp350.000;215.050;361 Terjual/ Bulan
Bening's Brightening Skincare Travel Size | Paketan Pencerah dan Glowing;Rp450.000
Rp350.000;308.550;356 Terjual/ Bulan
EGLOW PLATINUM SKINCARE BPOM WHITENING GLOW / ACNE ORIGINAL;Rp20.000 - Rp88.900;278.875;355 Terjual/ Bulan
[COD] PAKET CREAM CLB GLOW SKINCARE Bisan Scand BERCODE Cream Wajah Putih Glowing Termurah Berkwalitas;Rp6.500 - Rp32.500;41.800;346 Terjual/ Bulan
DAVIENA SKINCARE JAKARTA GOLD SERIES (DARKSPOT) davienaskincarejakarta vidbeauty davienaskincare.official davienaskincarejabodetabek;Rp65.000 - Rp300.000;150.000;343 Terjual/ Bulan
Bening's Skincare Paket Brightening Paket Acne Paket Exclusive By Dr.Oky Pratama Whitening, Acne, Exclusive Bening Benings Glowing;Rp53.900 - Rp352.000;300.000;341 Terjual/ Bulan
BENING'S SKINCARE DR. OKY PRATAMA FACIAL WASH BRIGHTENING/EXCLUSIVE/ACNE;Rp79.000;265.000;336 Terjual/ Bulan
DAVIENA SKINCARE GOLD SERIES | BANJARMASIN | DAVIENASKINCARE |;Rp65.000 - Rp300.000;168.000;334 Terjual/ Bulan
NAHDA SKINCARE / NAHDA SKINCARE KEMASAN BARU SERUM;Rp35.000 - Rp225.000;65.000;334 Terjual/ Bulan
BENING'S SKINCARE DR. OKY PRATAMA DAY CREAM BRIGHTENING/EXLUSIVE/ACNE;Rp110.000;300.000;330 Terjual/ Bulan
Garnier Sakura Glow Hyaluron Super Whip Foam Skin Care - 100 ml Facial Wash Busa Lembut Glowing;Rp36.600
Rp34.200;99.600;320 Terjual/ Bulan
SOME BY MI Yuja Niacin 30 Days Brightening Starter Kit;Rp428.572
Rp270.000;65.000;1RB+ Terjual/ Bulan
paket Glowing Skincare Reglow By dr.Shindy Untuk semua jenis kulit;Rp265.000;300.000;54 Terjual/ Bulan
Joar Skincare Paket Brighteninng Sabun / Soap Bar + Fresh Toner + Night Cream + Day Cream - Original BPOM HALAL Official Shop;Rp450.000
Rp325.000;300.000;1RB+ Terjual/ Bulan
(READY)GOLD SERIES | davienaskincare | distributordaviena;Rp65.000 - Rp300.000;65.000;1RB+ Terjual/ Bulan
Joar Skincare Paket Serum + Fresh Toner + Night Cream + Day Cream - Original BPOM HALAL Official Shop;Rp450.000
Rp390.000;300.000;1RB+ Terjual/ Bulan
White Story Paket Wajah Brightening & Serum;Rp223.700
Rp190.145;390.000;30 Terjual/ Bulan
DRW SKINCARE Paket hemat whitening acne brightening paket pemutih wajah Drw skincare original bpom;Rp65.000 - Rp275.000;190.145;15 Terjual/ Bulan
Caudalie Vinopure Purifying Gel Cleanser 150ml;Rp400.000;65.000;302 Terjual/ Bulan
Paket Skincare Pria Clorismen Brightening Acne Series Perawatan Wajah Pria Jerawat Komedo Bopeng C12;Rp140.000;275.000;299 Terjual/ Bulan
Promo Bening's Exclusive Skincare Special | Paketan Flek, Pencerah dan Glowing Khusus Ibu Hamil dan Menyusui;Rp500.000
Rp375.000;400.000;298 Terjual/ Bulan
MS GLOW PAKET WHITENING/ ULTIMATE/ ACNE BY CANTIK SKINCARE ORIGINAL 100%;Rp210.000
Rp195.300;140.000;294 Terjual/ Bulan
DAVIENA SKINCARE GLOWING SERIES|DISTRIBUTOR DAVIENA|OFFICIAL STORE|DAVIENASKINCARE|davienaskincare.official|davienaofficialstore|ramadhanidavin|daviena|davienaskincare.bdg|vidbeauty|davienaskincarepalembang|davienaskincarejabodatabek|davienaofficialjawa|;Rp65.000 - Rp300.000;375.000;294 Terjual/ Bulan
Daviena Skincare Paket Gold Series Davienaskincareofficial Davina Devina Lampung Surabaya Jakarta Pencerah Pemutih Flek Wajah Glowing Bpom Daviena Skincare;Rp65.000 - Rp300.000;195.300;294 Terjual/ Bulan
BENING SKINCARE DR OKY PRATAMA PAKET BRIGHTENING/BENINGS CLINIC/BENING SKINCARE;Rp75.000 - Rp375.000;65.000;291 Terjual/ Bulan
PAKET BIG VIRAL RETINOL FREE ONGKIR WSC ORGANIC PUSAT PAKET CREAM WAJAH VIRAL BPOM |Glowing series |Paket Normal Flek Jerawat bopeng |skincare pelicin wajah WSCORGANIC;Rp260.000 - Rp350.000;300.000;291 Terjual/ Bulan
Brightening Night Cream Benings Skincare by Dr Oky (Benings Clinic) Niacinamide, Alpha-Arbutin;Rp300.000
Rp150.000;65.000;288 Terjual/ Bulan
Paket Lasona Skin Care Set (BESAR);Rp185.000
Rp170.000;300.000;286 Terjual/ Bulan
L'Oreal Paris Aura Perfect Clarifying & Moisturizing Toner Skin Care - 200 ml;Rp150.000
Rp120.500;75.000;283 Terjual/ Bulan
LS SKINCARE RED JELLY GLOWING WHITENING BRIGTHENING (ELSTM);Rp24.800;375.000;278 Terjual/ Bulan
Tati skincare original ready pontianak;Rp210.000;260.000;276 Terjual/ Bulan
Garnier Pure Active Sensitive Anti-Acne Cleanser Foam Gel Skin Care - 100 ml (Pembersih Wajah);Rp36.600
Rp34.200;350.000;271 Terjual/ Bulan
GOLD SERIES / DARKSPOT SERIES Daviena Skincare | DAVINA | DAVIENASKINCARE MAKASSAR;Rp65.000 - Rp300.000;150.000;271 Terjual/ Bulan
DAY CREAM GOLD SERIES (DARKSPOT) | DAVIENA | DAVIENA SKINCARE | DAVIENASKINCARE;Rp65.000;170.000;269 Terjual/ Bulan
DAVIENA SKINCARE ACNE SERIES|DISTRIBUTOR DAVIENA|OFFICIAL STORE|DAVIENASKINCARE|davienaofficialstore|davienaskincareofficial|ramadhanidavin|davienaskincarejakarta|davienaofficialjawa|davienaskincaresurabaya|ownerdavienaskincare|davienaskincarepusat;Rp65.000 - Rp300.000;120.500;268 Terjual/ Bulan
FORMULA BARU Paket bebwhite c skincare GLOW ACNE;Rp19.000 - Rp132.000;24.800;260 Terjual/ Bulan
MS GLOW ORIGINAL PAKET ACNE / ULTIMATE / LUMINOUS /WHITENING SKINCARE WAJAH MSGLOW ORI PAKET GLOWING;Rp60.000 - Rp300.000;210.000;260 Terjual/ Bulan
Bening's Exclusive Skincare Travel Size | Paketan Flek, Pencerah dan Glowing;Rp450.000
Rp350.000;34.200;258 Terjual/ Bulan
Emeron Skincare Sweet Bengkuang 200ml x2;Rp13.200
Rp10.400;65.000;257 Terjual/ Bulan
PAKET HEMAT GOLD SERIES | DAVIENA | DAVIENA SKINCARE | DAVIENASKINCARE | OFFICIAL STORE;Rp175.000;300.000;257 Terjual/ Bulan
SEMUA PAKET ULTIMATE/WHITENING/ACNE/LUMINOUS SERIES MS GLOW SKINCARE BPOM HALAL AMAN BUSUI BUMIL;Rp49.000 - Rp195.000;65.000;255 Terjual/ Bulan
Skin Care paket FZ ijo original 15 gram(bisa COD);Rp90.000;65.000;254 Terjual/ Bulan
FLORIN SKINCARE PAKET NORMAL;Rp53.000 - Rp125.000;300.000;252 Terjual/ Bulan
N'GLOW SKINCARE / NGLOW SKINCARE ECER;Rp20.000 - Rp132.000;19.000;248 Terjual/ Bulan
Garnier Bright Complete 3-in-1 Anti Acne Facial Wash Skin Care (Wajah Cerah Bebas Jerawat);Rp19.900 - Rp29.700;132.000;247 Terjual/ Bulan
Paket Brightening shale 25% Skincare (Kulit Normal) Bening's skincare By dr.Oky Pratama ~ BENING'S CLINIC Perawatan wajah;Rp50.000 - Rp350.000;60.000;242 Terjual/ Bulan
Paket Glow Up Perfect SS Glow Up by Sartika Diman Skincare;Rp150.000;300.000;241 Terjual/ Bulan
Ella Skincare Paket Bebas Acne - Wajah Bersih Bebas Jerawat Dalam 3 Hari;Rp277.000
Rp268.690;350.000;236 Terjual/ Bulan
Paket Glowing Cantik Skincare OMG + Serum Ezaneta Vit C / Paket Pencerah Wajah;Rp12.399 - Rp49.799;10.400;233 Terjual/ Bulan
Exclusive Night Cream (K1) Bening Skincare Cream Malam Flek, Pencerah dan Glowing Benings Clinic;Rp155.000
Rp135.000;175.000;232 Terjual/ Bulan
Brilliant skincare Original Rejuvenating Original philipine Ready Brilliant skincare;Rp127.000 - Rp200.000;49.000;232 Terjual/ Bulan
DAVIENA SKINCARE JAKARTA ACNE SERIES davienaskincarejakarta vidbeauty davienaskincare.official davienaskincarejabodetabek;Rp65.000 - Rp300.000;195.000;231 Terjual/ Bulan
Jeje Glow Skincare Original Paket Glowing No Jelly Kecantikan Semua Kulit Wajah;Rp185.000;90.000;231 Terjual/ Bulan
[READY STOCK] Daviena Skincare Gold Series | Asisten Cantik | davienapusatindonesia;Rp65.000 - Rp300.000;53.000;227 Terjual/ Bulan
Daviena Skincare Paket Gold Series;Rp65.000 - Rp300.000;125.000;214 Terjual/ Bulan
(BISA COD) NGLOW SKINCARE NORMAL DAN ACNE BPOM;Rp200.000
Rp139.999;20.000;213 Terjual/ Bulan
PAKET BBC ACNE / BEBWHITE C SKINCARE GLOW FORTE BBC ( BEBWHITEC ) RESELLER / AGEN TERMURAH;Rp19.500 - Rp132.700;132.000;208 Terjual/ Bulan
TERLARIS ! PAKET VENORA BEAUTY SKINCARE mengobati jerawat dan mencerahkan bikin glowing BPOM;Rp45.000 - Rp225.000;19.900;207 Terjual/ Bulan
Promo Bening's Acne Skincare Special | Paketan Jerawat dan Beruntusan Khusus Ibu Hamil dan Menyusui;Rp500.000
Rp375.000;29.700;203 Terjual/ Bulan
GLOWING AND WHITENING CREAM SKINCARE DOJAKO PELEMBAB BRIGHTENING MEMUTIHKAN WAJAH READY;Rp192.000
Rp181.000;50.000;201 Terjual/ Bulan
Bening Skincare PAKET dan ECER BRIGHTENING, ACNE, EXCLUSIVE by Dr. Oky Pratama Ori AGEN Makassar;Rp75.000 - Rp375.000;350.000;200 Terjual/ Bulan
Jglow Skincare Paket Acne Solution Whitening Cream Skin glowing Paket Perawatan Wajah Berjerawat Beruntusan Bpom;Rp230.000 - Rp270.000;150.000;198 Terjual/ Bulan
Facial Wash Brightening Benings Skincare by Dr Oky (Benings Clinic) Lactic Acid;Rp150.000
Rp75.000;268.690;198 Terjual/ Bulan
Anzora Skincare (Paket Acne Remover Darksport untuk kulit sensitif berminyak bekas jerawat beruntusan flek free gift;Rp250.000;12.399;196 Terjual/ Bulan
Anzora Skin Care Glow Series/GRATIS HADIAH;Rp220.000;49.799;196 Terjual/ Bulan
Yeppu Yeppu by Chingu Kiyowo Paket Skincare Paketan Skincare Hello Brightening & Acne Treatment Travel dan Full Size;Rp99.000;135.000;195 Terjual/ Bulan
BENING SKINCARE DR OKY PRATAMA - PAKET BRIGHTENING DOCTOR KECANTIKAN BENINGS;Rp50.000 - Rp350.000;127.000;195 Terjual/ Bulan
Drw Skincare Paket Hemat Radiant Brightening Glowing Bpom;Rp250.000 - Rp260.000;200.000;189 Terjual/ Bulan
IM QWEEN NEW PACK ECER SATUAN SKINCARE;Rp25.000 - Rp60.000;65.000;
Caudalie Vinoperfect Radiance Serum Complexion Correcting 30ml;Rp1.135.000;300.000;48 Terjual/ Bulan
Joar Skincare Paket Brightening Night Care ( Sabun / Soap Bar + Serum + Fresh Toner + Night Cream ) Original BPOM HALAL Official Shop;Rp450.000
Rp335.000;185.000;1RB+ Terjual/ Bulan
【Original】SK II/SK-II/SK 2 perawatan kulit set kotak lima potong air peri/toner/ lotion/krim mata/krim wajah/pembersih (Experience Pack) / sk 11 original / sk kecantikan set;Rp888.000
Rp559.000;65.000;4 Terjual/ Bulan
