PACKAGE - Beaudelab Body Whitening Set | Body Lotion AHA + Body Scrub + Brightening Serum AHA;Rp469.300
Rp199.000;199.000;296 Terjual/ Bulan
SKINUTRIS PAKET SKINCARE THC DAY CREAM & NIGHT CREAM KRIM PEMUTIH WAJAH GLOWING 100% BPOM;Rp49.999 - Rp85.000;49.999;17 Terjual/ Bulan
[Ready Stock] SKINTIFIC - 5X Ceramide Skin Barrier Repair Moisturize Gel 30g Moisturizer Cream Pemutih Wajah Day Cream Night Cream Pelembab Wajah【BPOM】;Rp169.000
Rp139.000;85.000;1RB+ Terjual/ Bulan
[Ready Stock] SKINTIFIC - Mugwort Mask Anti Pores & Acne Clay Mask 55g Pore Clarifying Mud Mask Wash Off Pack Masker Wajah Facial Mask【BPOM】;Rp139.000
Rp99.000;139.000;1RB+ Terjual/ Bulan
REGLOW Paket perawatan wajah;Rp40.000 - Rp265.000;99.000;1RB+ Terjual/ Bulan
[READY STOCK] Madame Gie Skin Barrier Moisturizer - Ceramide Repair Skincare Pelembab Gel Ceramide;Rp129.000
Rp50.000;40.000;1RB+ Terjual/ Bulan
Promo Bening's Brightening Skincare | Paketan Pencerah dan Glowing;Rp500.000
Rp375.000;265.000;1RB+ Terjual/ Bulan
❤ BELIA ❤ HANASUI Collagen Water | Acne Treatment | Flawless Glow 10 Series | Acne Spot | Night Day Cream | Essence | Skincare Skin Care sunscreen sunblock sun screen block;Rp16.300 - Rp30.500;50.000;1RB+ Terjual/ Bulan
Promo Bening's Exclusive Skincare | Paketan Flek, Pencerah dan Glowing;Rp500.000
Rp375.000;375.000;1RB+ Terjual/ Bulan
Promo Bening's Acne Skincare | Paketan Jerawat dan Beruntusan;Rp500.000
Rp375.000;16.300;1RB+ Terjual/ Bulan
(OFFICIAL) DAVIENA SKINCARE GOLD | GOLD SERIES DAVIENA SKINCARE;Rp65.000 - Rp300.000;30.500;1RB+ Terjual/ Bulan
MORNING GLOWING KRIM PEMUTIH WAJAH FARMA WHITENING SKINCARE BPOM KOREA HALAL COWOK PRIA BUMIL BUSUI AMAN MENCERAHKAN ANTI UV SUNSCREEN SUNBLOCK ORIGINAL BEST SELLER DI SHOPEE TERLARIS SKINCARE TERBAIK BEST FACE MASKS BENING CANTIK ANTI DEBU PERAWATAN MUKA;Rp47.367
Rp34.105;375.000;1RB+ Terjual/ Bulan
Madame Gie Madame Clarify Facial Foam - Skin Care Pembersih Wajah;Rp35.000
Rp25.300;375.000;1RB+ Terjual/ Bulan
[ BISA COD ] MAXIE GLOW SKINCARE KEMASAN TERBARU;Rp31.000 - Rp78.000;65.000;1RB+ Terjual/ Bulan
[BISA COD] REGLOW Glow Skin Treatment Skincare Original Glowing Whitening BPOM Beauty Series Perawatan Kecantikan Wajah Paket Re Glow Skincare Pemutih Wajah Penghilang Flek Hitam Facial Wash Toner Cream Reg Glow Rglow Doker dr Shindy Putri Official Store;Rp38.000 - Rp265.000;300.000;1RB+ Terjual/ Bulan
NGLOW SKINCARE ORIGINAL ORIGINAL BPOM!!(POUCH TERBARU)PROMO;Rp74.500 - Rp134.500;34.105;1RB+ Terjual/ Bulan
CREAM PEMUTIH WAJAH [PAKET PENGELUPASAN & PAKET NON PENGELUPASAN]CREAM PEMUTIH WAJAH/PEMUTIH WAJAH/SKINCARE/KOSMETIK/PEMUTIH/CREAM PEMUTIH/PEMUTIH WAJAH/SKINCARE/PRAWATAN WAJAH/KOSMETIK WAJAH/CREAM JERAWAT/CREAM FLEK/CREAM WAJAH/PEMUTIH WAJAH/PEMUTIH;Rp125.000;25.300;1RB+ Terjual/ Bulan
BENING'S SKINCARE PAKET EXLUSIVE/PAKET BRIGHTENING/PAKET ACNE ORIGINAL BY DR. OKY PRATAMA;Rp75.000 - Rp395.000;31.000;1RB+ Terjual/ Bulan
Ella Skincare DAY GEL with Niacinamide - Tabir Surya yg Aman utk Kulit Berjerawat. Hasil Matte, tdk Whitecast;Rp44.000
Rp43.120;78.000;1RB+ Terjual/ Bulan
OMG Oh My Glow Paket Lengkap Skincare Peach Glowing | Face care Skincare Oh My Glow Original BPOM;Rp6.499 - Rp33.154;38.000;1RB+ Terjual/ Bulan
BENINGS SKINCARE DR OKY PRATAMA PAKET EXLUSIVE BRIGHTENING ACNE | BENINGS CLINIC | BENING'S SKINCARE;Rp75.000 - Rp395.000;265.000;1RB+ Terjual/ Bulan
[COD] Maxie Skincare KEMASAN BARU SABUN BOTOL;Rp85.000
Rp84.999;74.500;1RB+ Terjual/ Bulan
Ella Skincare Facial Gel Cleanser Tea Tree with Melaleuca Alternifolia Leaf Oil - sebagai Oil Control Antiseptik, Anti Bakteri & Anti Inflamasi;Rp32.000
Rp31.360;134.500;1RB+ Terjual/ Bulan
❤ BELIA ❤ Garnier Sakura White Sakura Glow Pinkish Glow Foam | Hyaluron Whip Foam Sabun Cuci Muka Skin Care 50 100mL;Rp16.500 - Rp27.500;125.000;1RB+ Terjual/ Bulan
Maxie skincare kemasan baru;Rp78.500 - Rp80.500;75.000;1RB+ Terjual/ Bulan
COSRX Favorites (Best Sellers Set) Skin Care - Untuk Semua Jenis Kulit;Rp255.000
Rp191.250;395.000;1RB+ Terjual/ Bulan
NAHDA SKINCARE 100% ORIGINAL +SERUM GLOWING;Rp58.000 - Rp220.999;43.120;1RB+ Terjual/ Bulan
Nahda Skincare Asli ( Grosir );Rp205.000 - Rp222.500;6.499;1RB+ Terjual/ Bulan
(BOSS) VIVA Skincare Series - Viva Face Tonic | Viva Milk cleanser | Viva Air mawar - 100ml;Rp4.300 - Rp6.146;33.154;1RB+ Terjual/ Bulan
HYDE BEAUTY SKINCARE ORIGINAL;Rp50.000 - Rp215.000;75.000;1RB+ Terjual/ Bulan
(OFFICIAL) GLOWING SERIES | DAVIENA SKINCARE | DAVIENA;Rp65.000 - Rp300.000;395.000;1RB+ Terjual/ Bulan
Bundling Skincare Camille Beauty;Rp450.000;84.999;1RB+ Terjual/ Bulan
Nahda Skincare Asli ( Grosir );Rp38.000 - Rp225.999;31.360;1RB+ Terjual/ Bulan
Lis skincare Facial Wash;Rp30.000;16.500;1RB+ Terjual/ Bulan
[BACA DESKRIPSI] Liz Skincare Night Whitening / Liz Skincare Pemutih Malam [Kemasan Baru];Rp45.000;27.500;1RB+ Terjual/ Bulan
(OFFICIAL) DAVIENA SKINCARE ACNE SERIES | DAVIENASKINCAREPUSAT;Rp65.000 - Rp300.000;78.500;1RB+ Terjual/ Bulan
PAKET GOLD SERIES | DAVIENA SKINCARE;Rp300.000;80.500;1RB+ Terjual/ Bulan
[READY STOK] DAVIENA SKINCARE |glow gold acne DAVIENA SKINCARE |DAVINA|Collaglow Daviena|Gold daviena|Clay Mask Daviena|acne daviena|daviena official|daviena jakarta|davienaskincare|davienaskincarejakarta|davienaskincareofficial|davienaskincare.officiali;Rp65.000 - Rp300.000;191.250;1RB+ Terjual/ Bulan
Acnes Perawatan Skincare UV Tint Sunscreen Toner Creamy Face Wash & Facial Wash Moisturizer Cream;Rp7.450 - Rp29.000;58.000;1RB+ Terjual/ Bulan
Madame Gie Madame Clarify Facial Foam - Skin Care Pembersih Wajah/ORIGINAL;Rp21.900
Rp13.500;220.999;1RB+ Terjual/ Bulan
Night Cream Glow PRM LUXURY BPOM /krim malam/cream wajah/ perawatan wajah/ glowing/luxury skincare;Rp43.000;205.000;944 Terjual/ Bulan
L'Oreal Paris Hyaluronic Acid Cleanser - 100ml - Skincare Pembersih Wajah Loreal;Rp75.100
Rp60.400;222.500;934 Terjual/ Bulan
Ella Skincare Shine Bright Facial Gel Cleanser with Glycolic Acid - Menjaga Kulit Agar Tetap Segar, Halus & Lembut;Rp32.000
Rp31.360;4.300;858 Terjual/ Bulan
L'Oreal Paris Revitalift Cleansing Foaming Glycerin Skin Care Facial Wash - 100 ml;Rp76.000
Rp61.100;6.146;849 Terjual/ Bulan
Daviena Skincare Paket Gold Series Davienaskincareofficial Davina Devina Lampung Surabaya Jakarta Pencerah Pemutih Flek Wajah Glowing Bpom Daviena Skincare;Rp65.000 - Rp300.000;50.000;833 Terjual/ Bulan
NGLOW SKINCARE;Rp200.000
Rp128.900;215.000;832 Terjual/ Bulan
Paket wajah scarlett whitening brightly / paket acne/ scarlett face skincare facial complete;Rp220.000
Rp208.000;65.000;822 Terjual/ Bulan
N glow skincare original paket kecantikan N'Glow skincare;Rp200.000
Rp134.500;300.000;812 Terjual/ Bulan
L'Oreal Paris Revitalift Anti-Wrinkle Set Day + Night 50 ml - Skincare Krim Siang & Malam Loreal;Rp460.000
Rp300.400;450.000;768 Terjual/ Bulan
JUSTMINE Beauty Glowing Skincare Bpom Paket Glowing Acne Jelly Acne More Removespot | Skin Care;Rp255.000 - Rp275.000;38.000;756 Terjual/ Bulan
DAVIENA SKINCARE GOLD SERIES DAVIENASKINCARE GOLD SERIES DAVIENASKINCAREOFFICIAL OFFICIAL STORE;Rp300.000;225.999;754 Terjual/ Bulan
REGLOW Paket Perawatan Kecantikan Wajah Glowing | Glow Skin Treatment | Atasi Muka Jerawat Flek Hitam Milia Kusam | Skincare Skin Care BPOM Halal MUI | Sunscreen Whitening Anti-Aging | Aman Bumil Busui;Rp265.000;30.000;753 Terjual/ Bulan
NAHDA SKINCARE + SERUM (HARGA GROSIR);Rp35.000 - Rp225.000;45.000;751 Terjual/ Bulan
❄️MATCHA❄️ HANASUI SKINCARE FLAWLESS SERIES - CREAM CLEANSER ESSENCE ORIGINAL;Rp16.999 - Rp82.999;65.000;745 Terjual/ Bulan
RATU GLOW SKINCARE PAKET BRIGHTENING & ACNE ORIGINAL PENCERAH WAJAH;Rp235.000
Rp178.000;300.000;742 Terjual/ Bulan
PAKET RADIANT DRW SKINCARE;Rp65.000 - Rp275.000;300.000;1RB+ Terjual/ Bulan
YOU Facial Wash Hy! Amino Anti Acne Sabun Cuci Muka Acnes Creamy Wash;Rp30.400 - Rp85.500;65.000;1RB+ Terjual/ Bulan
MS GLOW PAKET ACNE FULL BARCODE ORIGINAL;Rp165.000 - Rp300.000;300.000;187 Terjual/ Bulan
Safi Dermasafe 24H Hydration;Rp310.800
Rp248.700;7.450;23 Terjual/ Bulan
Realfood Hair, Nails and Skin Package;Rp1.300.000
Rp1.200.000;29.000;4 Terjual/ Bulan
